txt_filename,oel_code
AHT20_2025-04-06-02-11-35.txt,"NEW_SENSOR = AHT20;PROTOCOL = I2C;SENSOR_ADDR = 0x38;INIT_CMD = (0xBE, 0x08, 0x00);NEW_SENSOR_READ;READ_CMD = ();DATA_LEN = 6;DATA_KEY_VAL = (0: ""humidity"", 1: ""temperature"");DATA_FORMAT = (0: [8:27], 1: [28:47]);SCALE_FORMAT = (0: ""X 1048576.0 / 100 *"", 1: ""X 1048576.0 / 200 * 50 -"");"
AHT20_2025-04-06-02-21-37.txt,"NEW_SENSOR = AHT20;PROTOCOL = I2C;SENSOR_ADDR = 0x38;INIT_CMD = (0xBE, 0x08, 0x00);NEW_SENSOR_READ;READ_CMD = (0xAC, 0x33, 0x00);DATA_LEN = 6;DATA_KEY_VAL = (0: ""RelativeHumidity"", 1: ""Temperature"");DATA_FORMAT = (0: [8:27], 1: [28:47]);SCALE_FORMAT = (0: ""X 100 * 1048576 /"", 1: ""X 200 * 1048576 / 50 -"");"
AHT20_2025-04-06-02-32-58.txt,"NEW_SENSOR = AHT20;PROTOCOL = I2C;SENSOR_ADDR = 0x38;INIT_CMD = ();NEW_SENSOR_READ;READ_CMD = (0xAC, 0x33, 0x00);DATA_LEN = 6;DATA_KEY_VAL = (0: ""RelativeHumidity"", 1: ""Temperature"");DATA_FORMAT = (0: [8:27], 1: [28:47]);SCALE_FORMAT = (0: ""X 100.0 * 1048576 /"", 1: ""X 200.0 * 1048576 / 50 -"");"
AHT20_2025-04-06-02-43-30.txt,"NEW_SENSOR = AHT20;PROTOCOL = I2C;SENSOR_ADDR = 0x38;INIT_CMD = ();NEW_SENSOR_READ;READ_CMD = (0xAC, 0x33, 0x00);DATA_LEN = 6;DATA_KEY_VAL = (0: ""RelativeHumidity"", 1: ""Temperature"");DATA_FORMAT = (0: [8:27], 1: [28:47]);SCALE_FORMAT = (0: ""X 1048576.0 / 100 *"", 1: ""X 1048576.0 / 200 * 50 -"");"
AHT20_2025-04-06-02-55-20.txt,"NEW_SENSOR = AHT20;PROTOCOL = I2C;SENSOR_ADDR = 0x38;INIT_CMD = (0xBE, 0x08, 0x00);NEW_SENSOR_READ;READ_CMD = (0xAC, 0x33, 0x00);DATA_LEN = 6;DATA_KEY_VAL = (0: ""RelativeHumidity"", 1: ""Temperature"");DATA_FORMAT = (0: [8:27], 1: [28:47]);SCALE_FORMAT = (0: ""X 100 * 1048576 /"", 1: ""X 200 * 1048576 / 50 -"");"
MCP9808_2025-04-06-02-14-03.txt,"NEW_SENSOR = MCP9808;PROTOCOL = I2C;SENSOR_ADDR = 0x18;INIT_CMD = ();NEW_SENSOR_READ;READ_CMD = ();DATA_LEN = 2;DATA_KEY_VAL = (0: ""Temperature"");DATA_FORMAT = (0: [0:15]);SCALE_FORMAT = (0: ""X 4 >> X 15 & 0.0625 * +"");"
MCP9808_2025-04-06-02-24-11.txt,"NEW_SENSOR = MCP9808;PROTOCOL = I2C;SENSOR_ADDR = 0x18;INIT_CMD = ();NEW_SENSOR_READ;READ_CMD = ();DATA_LEN = 2;DATA_KEY_VAL = ();DATA_FORMAT = ();SCALE_FORMAT = (0: ""X 8 >> 15 & 8 << X 255 & + 0.0625 *"");"
MCP9808_2025-04-06-02-35-14.txt,"NEW_SENSOR = MCP9808;PROTOCOL = I2C;SENSOR_ADDR = 0x18;INIT_CMD = ();NEW_SENSOR_READ;READ_CMD = ();DATA_LEN = 2;DATA_KEY_VAL = (0: ""Temperature"");DATA_FORMAT = (0: [0:11]);SCALE_FORMAT = (0: ""X 8 >> 16 * X 255 & 16 / +"");"
MCP9808_2025-04-06-02-46-36.txt,"NEW_SENSOR = MCP9808;PROTOCOL = I2C;SENSOR_ADDR = 0x18;INIT_CMD = ();NEW_SENSOR_READ;READ_CMD = ();DATA_LEN = 2;DATA_KEY_VAL = (0: ""Temperature"");DATA_FORMAT = (0: [0:11]);SCALE_FORMAT = (0: ""X 4 >> X 16 % 16 / +"");"
MCP9808_2025-04-06-02-58-01.txt,"NEW_SENSOR = MCP9808;PROTOCOL = I2C;SENSOR_ADDR = 0x18;INIT_CMD = ();NEW_SENSOR_READ;READ_CMD = ();DATA_LEN = 2;DATA_KEY_VAL = (0: ""Temperature"");DATA_FORMAT = (0: [0:11]);SCALE_FORMAT = ();"
SHT31_2025-04-06-02-16-50.txt,"NEW_SENSOR = SHT31;PROTOCOL = I2C;SENSOR_ADDR = 0x44;INIT_CMD = ();NEW_SENSOR_READ;READ_CMD = ();DATA_LEN = 6;DATA_KEY_VAL = (0: ""Temperature"", 1: ""Humidity"");DATA_FORMAT = (0: [0:15], 1: [16:31]);SCALE_FORMAT = (0: ""X 175 * 1 16 << 1 - / -45 +"", 1: ""X 100 * 1 16 << 1 - /"");"
SHT31_2025-04-06-02-27-24.txt,"NEW_SENSOR = SHT31;PROTOCOL = I2C;SENSOR_ADDR = 0x44;INIT_CMD = ();NEW_SENSOR_READ;READ_CMD = ();DATA_LEN = 6;DATA_KEY_VAL = (0: ""Temperature"", 1: ""Humidity"");DATA_FORMAT = (0: [0:15], 1: [16:31]);SCALE_FORMAT = (0: ""X 175 * 65535 / -45 +"", 1: ""X 100 * 65535 /"");"
SHT31_2025-04-06-02-38-05.txt,"NEW_SENSOR = SHT31;PROTOCOL = I2C;SENSOR_ADDR = 0x44;INIT_CMD = ();NEW_SENSOR_READ;READ_CMD = (0x2400, 0x2C06, 0x2B32, 0xE000);DATA_LEN = 6;DATA_KEY_VAL = (0: ""Temperature"", 1: ""RelativeHumidity"");DATA_FORMAT = (0: [0:15], 1: [24:39]);SCALE_FORMAT = (0: ""X 175 * 65535 / -45 +"", 1: ""X 100 * 65535 /"");"
SHT31_2025-04-06-02-49-47.txt,"NEW_SENSOR = SHT31;PROTOCOL = I2C;SENSOR_ADDR = 0x44;INIT_CMD = ();NEW_SENSOR_READ;READ_CMD = (0x24, 0x00);DATA_LEN = 6;DATA_KEY_VAL = (0: ""Temperature"", 1: ""Humidity"");DATA_FORMAT = (0: [0:15], 1: [24:39]);SCALE_FORMAT = (0: ""X 175 * 65535 / -45 +"", 1: ""X 100 * 65535 /"");"
SHT31_2025-04-06-03-00-41.txt,"NEW_SENSOR = SHT31;PROTOCOL = I2C;SENSOR_ADDR = 0x44;INIT_CMD = ();NEW_SENSOR_READ;READ_CMD = ();DATA_LEN = 6;DATA_KEY_VAL = (0: ""Temperature"", 1: ""Humidity"");DATA_FORMAT = (0: [0:15], 1: [24:39]);SCALE_FORMAT = (0: ""X 175 * 65535 / -45 +"", 1: ""X 100 * 65535 /"");"
TMP102_2025-04-06-02-19-00.txt,"NEW_SENSOR = TMP102;PROTOCOL = I2C;SENSOR_ADDR = 0x48;INIT_CMD = ();NEW_SENSOR_READ;READ_CMD = ();DATA_LEN = 2;DATA_KEY_VAL = (0: ""Temperature"");DATA_FORMAT = (0: [0:11]);SCALE_FORMAT = (0: ""X 4 >> dup 11 >> 4096 * - 0.0625 *"");"
TMP102_2025-04-06-02-29-35.txt,"NEW_SENSOR = TMP102;PROTOCOL = I2C;SENSOR_ADDR = 0x48;INIT_CMD = ();NEW_SENSOR_READ;READ_CMD = ();DATA_LEN = 2;DATA_KEY_VAL = (0: ""Temperature"");DATA_FORMAT = (0: [4:15]);SCALE_FORMAT = (0: ""X X 11 >> 4096 * - 0.0625 *"");"
TMP102_2025-04-06-02-40-51.txt,"NEW_SENSOR = TMP102;PROTOCOL = I2C;SENSOR_ADDR = 0x48;INIT_CMD = ();NEW_SENSOR_READ;READ_CMD = ();DATA_LEN = 2;DATA_KEY_VAL = (0: ""Temperature"");DATA_FORMAT = (0: [4:15]);SCALE_FORMAT = (0: ""X 4 >> X 11 >> 1 & 4096 * - 0.0625 *"");"
TMP102_2025-04-06-02-51-54.txt,"NEW_SENSOR = TMP102;PROTOCOL = I2C;SENSOR_ADDR = 0x48;INIT_CMD = ();NEW_SENSOR_READ;READ_CMD = ();DATA_LEN = 2;DATA_KEY_VAL = (0: ""Temperature"");DATA_FORMAT = (0: [0:11]);SCALE_FORMAT = (0: ""X 11 >> 1 & 4096 * X - 0.0625 *"");"
TMP102_2025-04-06-03-03-09.txt,"NEW_SENSOR = TMP102;PROTOCOL = I2C;SENSOR_ADDR = 0x48;INIT_CMD = ();NEW_SENSOR_READ;READ_CMD = ();DATA_LEN = 2;DATA_KEY_VAL = (0: ""temperature"");DATA_FORMAT = (0: [4:15]);SCALE_FORMAT = (0: ""X 4 >> X 11 >> 1 & 4096 * - 0.0625 *"");"
